{
    "coord": {
        "lon": 77.2167,
        "lat": 28.6667
    },
    "weather": [
        {
            "id": 701,
            "main": "Mist",
            "description": "mist",
            "icon": "50n"
        }
    ],
    "base": "stations",
    "main": {
        "temp": 16.05,
        "feels_like": 15.72,
        "temp_min": 16.05,
        "temp_max": 16.05,
        "pressure": 1018,
        "humidity": 77,
        "sea_level": 1018,
        "grnd_level": 993
    },
    "visibility": 1500,
    "wind": {
        "speed": 2.57,
        "deg": 320
    },
    "clouds": {
        "all": 40
    },
    "dt": 1769604592,
    "sys": {
        "type": 1,
        "id": 9165,
        "country": "IN",
        "sunrise": 1769564487,
        "sunset": 1769603180
    },
    "timezone": 19800,
    "id": 1273294,
    "name": "Delhi",
    "cod": 200
}