{
    "coord": {
        "lon": 113.25,
        "lat": 23.1167
    },
    "weather": [
        {
            "id": 800,
            "main": "Clear",
            "description": "clear sky",
            "icon": "01n"
        }
    ],
    "base": "stations",
    "main": {
        "temp": 19.77,
        "feels_like": 19.06,
        "temp_min": 19.77,
        "temp_max": 19.77,
        "pressure": 1020,
        "humidity": 48,
        "sea_level": 1020,
        "grnd_level": 1019
    },
    "visibility": 10000,
    "wind": {
        "speed": 1.45,
        "deg": 57,
        "gust": 2.43
    },
    "clouds": {
        "all": 0
    },
    "dt": 1769604480,
    "sys": {
        "country": "CN",
        "sunrise": 1769555302,
        "sunset": 1769595067
    },
    "timezone": 28800,
    "id": 1809858,
    "name": "Guangzhou",
    "cod": 200
}