{
    "coord": {
        "lon": 106.8451,
        "lat": -6.2146
    },
    "weather": [
        {
            "id": 802,
            "main": "Clouds",
            "description": "scattered clouds",
            "icon": "03n"
        }
    ],
    "base": "stations",
    "main": {
        "temp": 27.55,
        "feels_like": 31,
        "temp_min": 26.61,
        "temp_max": 27.83,
        "pressure": 1012,
        "humidity": 80,
        "sea_level": 1012,
        "grnd_level": 1009
    },
    "visibility": 7000,
    "wind": {
        "speed": 1.54,
        "deg": 360
    },
    "clouds": {
        "all": 40
    },
    "dt": 1769604451,
    "sys": {
        "type": 2,
        "id": 2108225,
        "country": "ID",
        "sunrise": 1769554415,
        "sunset": 1769599028
    },
    "timezone": 25200,
    "id": 1642911,
    "name": "Jakarta",
    "cod": 200
}