{
    "coord": {
        "lon": 120.9822,
        "lat": 14.6042
    },
    "weather": [
        {
            "id": 801,
            "main": "Clouds",
            "description": "few clouds",
            "icon": "02n"
        }
    ],
    "base": "stations",
    "main": {
        "temp": 25.64,
        "feels_like": 26.19,
        "temp_min": 25.03,
        "temp_max": 26,
        "pressure": 1015,
        "humidity": 74,
        "sea_level": 1015,
        "grnd_level": 1018
    },
    "visibility": 10000,
    "wind": {
        "speed": 3.6,
        "deg": 120
    },
    "clouds": {
        "all": 20
    },
    "dt": 1769604493,
    "sys": {
        "type": 2,
        "id": 2008256,
        "country": "PH",
        "sunrise": 1769552697,
        "sunset": 1769593959
    },
    "timezone": 28800,
    "id": 1701668,
    "name": "Manila",
    "cod": 200
}