{
    "coord": {
        "lon": -99.1277,
        "lat": 19.4285
    },
    "weather": [
        {
            "id": 800,
            "main": "Clear",
            "description": "clear sky",
            "icon": "01n"
        }
    ],
    "base": "stations",
    "main": {
        "temp": 8.96,
        "feels_like": 8.42,
        "temp_min": 8.96,
        "temp_max": 8.96,
        "pressure": 1022,
        "humidity": 66,
        "sea_level": 1022,
        "grnd_level": 768
    },
    "visibility": 10000,
    "wind": {
        "speed": 1.54,
        "deg": 30
    },
    "clouds": {
        "all": 0
    },
    "dt": 1769604522,
    "sys": {
        "type": 1,
        "id": 7146,
        "country": "MX",
        "sunrise": 1769605931,
        "sunset": 1769646393
    },
    "timezone": -21600,
    "id": 3530597,
    "name": "Mexico City",
    "cod": 200
}