{
    "coord": {
        "lon": 72.8479,
        "lat": 19.0144
    },
    "weather": [
        {
            "id": 711,
            "main": "Smoke",
            "description": "smoke",
            "icon": "50d"
        }
    ],
    "base": "stations",
    "main": {
        "temp": 26.99,
        "feels_like": 27.41,
        "temp_min": 24.94,
        "temp_max": 26.99,
        "pressure": 1013,
        "humidity": 50,
        "sea_level": 1013,
        "grnd_level": 1013
    },
    "visibility": 3000,
    "wind": {
        "speed": 4.63,
        "deg": 320
    },
    "clouds": {
        "all": 20
    },
    "dt": 1769604182,
    "sys": {
        "type": 1,
        "id": 9052,
        "country": "IN",
        "sunrise": 1769564627,
        "sunset": 1769605138
    },
    "timezone": 19800,
    "id": 1275339,
    "name": "Mumbai",
    "cod": 200
}