{
    "coord": {
        "lon": -46.6361,
        "lat": -23.5475
    },
    "weather": [
        {
            "id": 800,
            "main": "Clear",
            "description": "clear sky",
            "icon": "01d"
        }
    ],
    "base": "stations",
    "main": {
        "temp": 24.3,
        "feels_like": 24.59,
        "temp_min": 23.75,
        "temp_max": 25.62,
        "pressure": 1017,
        "humidity": 69,
        "sea_level": 1017,
        "grnd_level": 928
    },
    "visibility": 10000,
    "wind": {
        "speed": 4.12,
        "deg": 10
    },
    "clouds": {
        "all": 0
    },
    "dt": 1769604520,
    "sys": {
        "type": 1,
        "id": 8394,
        "country": "BR",
        "sunrise": 1769589756,
        "sunset": 1769637369
    },
    "timezone": -10800,
    "id": 3448439,
    "name": "S\u00e3o Paulo",
    "cod": 200
}