{
    "coord": {
        "lon": 126.9778,
        "lat": 37.5683
    },
    "weather": [
        {
            "id": 800,
            "main": "Clear",
            "description": "clear sky",
            "icon": "01n"
        }
    ],
    "base": "stations",
    "main": {
        "temp": -5.24,
        "feels_like": -8.65,
        "temp_min": -5.24,
        "temp_max": -4.22,
        "pressure": 1030,
        "humidity": 46,
        "sea_level": 1030,
        "grnd_level": 1020
    },
    "visibility": 10000,
    "wind": {
        "speed": 2.06,
        "deg": 290
    },
    "clouds": {
        "all": 0
    },
    "dt": 1769604231,
    "sys": {
        "type": 1,
        "id": 8105,
        "country": "KR",
        "sunrise": 1769553555,
        "sunset": 1769590223
    },
    "timezone": 32400,
    "id": 1835848,
    "name": "Seoul",
    "cod": 200
}