{
    "coord": {
        "lon": 121.4581,
        "lat": 31.2222
    },
    "weather": [
        {
            "id": 800,
            "main": "Clear",
            "description": "clear sky",
            "icon": "01n"
        }
    ],
    "base": "stations",
    "main": {
        "temp": 5.92,
        "feels_like": 3.61,
        "temp_min": 5.92,
        "temp_max": 5.92,
        "pressure": 1030,
        "humidity": 61,
        "sea_level": 1030,
        "grnd_level": 1029
    },
    "visibility": 10000,
    "wind": {
        "speed": 3,
        "deg": 110
    },
    "clouds": {
        "all": 0
    },
    "dt": 1769604519,
    "sys": {
        "type": 1,
        "id": 9659,
        "country": "CN",
        "sunrise": 1769554140,
        "sunset": 1769592288
    },
    "timezone": 28800,
    "id": 1796236,
    "name": "Shanghai",
    "cod": 200
}