{
    "coord": {
        "lon": 139.6917,
        "lat": 35.6895
    },
    "weather": [
        {
            "id": 803,
            "main": "Clouds",
            "description": "broken clouds",
            "icon": "04n"
        }
    ],
    "base": "stations",
    "main": {
        "temp": 5.19,
        "feels_like": 0.51,
        "temp_min": 3.7,
        "temp_max": 5.91,
        "pressure": 1017,
        "humidity": 37,
        "sea_level": 1017,
        "grnd_level": 1015
    },
    "visibility": 10000,
    "wind": {
        "speed": 7.72,
        "deg": 350
    },
    "clouds": {
        "all": 75
    },
    "dt": 1769604512,
    "sys": {
        "type": 2,
        "id": 268395,
        "country": "JP",
        "sunrise": 1769550273,
        "sunset": 1769587401
    },
    "timezone": 32400,
    "id": 1850144,
    "name": "Tokyo",
    "cod": 200
}